CONSTANTS	# epochs	learning rate	final training loss	final testing loss	graph image num
training data size: ~8000	500	0.05	0.01726512797	0.02738159336	1
loss function: MSE	1000	0.05	0.01726512797	0.02738159336	2
model layout: 7, ReLU, 14, ReLU, 2	1500	0.05	0.01726512797	0.02738161199	3
					
	500	0.01	0.0286579486	0.03475096449	4
	1000	0.01	0.009801165201	0.02192212455	5
	1500	0.01	0.009809770621	0.01716498286	6